{
    "list":[{
        "color":5,
        "point":[
           [114.605151909723,30.451749945747],[114.605072699653,30.451815592448],[114.604962836372,30.451824001737],[114.604823676216,30.451837293837],[114.60468343099,30.451842990452],[114.604543728299,30.451853027344],[114.604403754341,30.451862250435],[114.604263780382,30.451870117188],[114.604123806424,30.451876356337],[114.603983832466,30.451882052952],[114.60384358724,30.451887207032],[114.603703613282,30.451893446181],[114.603563639323,30.451899956598],[114.603423665365,30.451901312935],[114.603283420139,30.4519007704],[114.603172743056,30.45185139974],[114.603113335504,30.451724446615],[114.603073730469,30.451590169271],[114.60303249783,30.451455891928],[114.602987196181,30.451323242188],[114.602947862414,30.451188693577],[114.602914767796,30.451052517362],[114.602886284723,30.450915256077],[114.602865397136,30.450776638455],[114.602855088976,30.450636935764],[114.602856174046,30.450496961806],[114.602976074219,30.450454101563],[114.603116319445,30.450456814237],[114.603256293403,30.450458170573],[114.603396538629,30.450452745226],[114.603536512587,30.450451660157],[114.603676486546,30.450457085504],[114.603816731771,30.450453287761],[114.60395670573,30.450449490018],[114.604096950955,30.450446777344],[114.604236924914,30.450438910591],[114.604376627605,30.450428602431],[114.604516330296,30.450418565539],[114.604656032987,30.450410698785],[114.604796006945,30.450402832032],[114.604935167101,30.450387098525],[114.605067816841,30.450374348959],[114.605112575955,30.450497233073],[114.605083821615,30.450634494358],[114.605084092882,30.450774468316],[114.605086534289,30.450914442275],[114.605096571181,30.451054416233],[114.605108506945,30.451194390191],[114.605123697917,30.451333550348],[114.605143771702,30.451472439237],[114.605158420139,30.451611328125],[114.605151909723,30.451749945747]
,            [114.605151909723,30.451749945747],
[114.605225423178,30.452054578994],
[114.6052992079,30.452358940973],
[114.605372721355,30.452663302952],
[114.605446506077,30.452967936198]
        ]
    },

    {
        "color":4,
        "point":[

            [114.605446506077,30.452967936198],[114.605520019532,30.453272298178],[114.605011121962,30.453330891928],[114.604499511719,30.453354492188],[114.603988986546,30.453392740886],[114.603480088976,30.453453504775]
,            [114.603480088976,30.453453504775],[114.603440755209,30.453142903646],[114.603401421441,30.452832573785],[114.603362087674,30.452521972657],[114.603322753907,30.452211371528]

    ]},

     {
        "color":5,
        "point":[

            [114.603322753907,30.452211371528],[114.603113335504 ,30.451724446615],
            [114.603073730469,30.451590169271],[114.60303249783,30.451455891928],[114.602987196181,30.451323242188],[114.602947862414,30.451188693577],[114.602914767796,30.451052517362],[114.602886284723,30.450915256077],[114.602865397136,30.450776638455],[114.602855088976,30.450636935764],[114.602856174046,30.450496961806],
            [114.603045247396,30.450189887153],[114.603114691841,30.449925672744],[114.603183865018,30.449661458334],[114.603253309462,30.449396972657]

     ]
        
     },
     {
        "color":4,
        "point":[

        [114.603253309462,30.449396972657],[114.603322753907,30.449132758247],[114.603391655816,30.448868543837],[114.603461100261,30.448604329428],[114.603530273438,30.448340115018],[114.603599717882,30.448075358073],[114.60366889106,30.447811143664]
    ,[114.60366889106,30.447811143664],
    [114.604179416233,30.4478515625],
    [114.604691297744,30.447861599393],
    [114.605203721789,30.447852376303],
    [114.605198025174,30.447953016494],
    [114.605181749132,30.448255750869],
    [114.605165744358,30.448558213976],
    [114.605149468316,30.448860948351],
    [114.605133192275,30.449163682726],
    [114.605116916233,30.449466417101],
    [114.605100368924,30.449768880209],
    [114.605084092882,30.450071885851],
    [114.605112575955 ,30.450497233073]
        ]}
    

        

    ]
}