{
    "list":[
        {
            "color":5,
            "point":[
                [114.60517581603551,30.45162960634694],
                [114.60512703041184,30.45151044759491],
                [114.60511889947458,30.45136325128833],
                [114.60511076853726,30.451244092210636],
                [114.60513516134915,30.451131942357367],
                [114.60507824478816,30.450984745479104],[114.6051026376,30.450816520203162],[114.60509450666268,30.450725398057443],[114.60507824478816,30.450606238199875],[114.6050701138509,30.450402965165424],[114.6050701138509,30.450276795482512],[114.60485870948168,30.45035389919704],[114.60459038855151,30.45035389919704],[114.6044521626178,30.45035389919704],[114.60417571075038,30.450381936896267],[114.60401309200483,30.45038894631982],[114.60382608044745,30.45040997458745],[114.60360654514096,30.450416984008996],[114.60344392639541,30.450416984008996],[114.60319593280843,30.450416984008996],[114.60292806628655,30.450371422759996],[114.60283456050786,30.450371422759996],[114.60283862597646,30.450466049945597],[114.6028874116002,30.450609742903612],[114.60284675691378,30.450693855756334],[114.60287114972562,30.450784977931544],[114.60288334613153,30.450911146956564],[114.60290773894337,30.45101979237502],[114.60291180441197,30.45114245641158],[114.60297075370727,30.45138762133627],[114.60303376847116,30.45148399987138],[114.60303376847116,30.451611920325302],[114.6030601940173,30.451717060298694],[114.60309068503204,30.451778391897488],[114.60315979799896,30.451787153551283],[114.60325127104329,30.451797667534837],[114.60336713689946,30.451799419865306],[114.60348706822435,30.451790658212577],[114.60360903228354,30.451787153551283],[114.60375335642016,30.451769630242875],[114.60384482946455,30.451764373249738],[114.60399118633552,30.45175736392511],[114.60408875758287,30.45174860226862],[114.60418429609592,30.451753859262595],[114.6042960964835,30.451739840611335],[114.60438960226213,30.451729326621575],[114.60451766452422,30.451711803302732],[114.60460100663136,30.451704793974343],[114.60465385772369,30.451711803302732],[114.60474939623668,30.451703041642144],[114.6048571311556,30.451694279980764],[114.60493030959111,30.451692527648387],[114.60499942255797,30.4516872706511],[114.60504210997874,30.45168201365351]
            ,
            [114.60280202365846,30.451910695350684],[114.60259703940483,30.45189302458222],[114.60243305200191,30.451866518423557],[114.60227931381166,30.451884189196804],[114.60249454727801,30.450373326509446],[114.60231006144977,30.45035565546224],[114.60216657247219,30.450346819937437],[114.60198208664389,30.450311477830247]]}  ,
                    
                    {
                        "color":4,
                        "point":[
                            [114.60310030210513,30.451963820202753],[114.60316179738123,30.452140527614663],[114.60321304344467,30.452299564011447],[114.60320279423195,30.452449764814553],[114.60518089227958,30.451901972532887],[114.60524238755573,30.45202566783336],[114.60524238755573,30.452149362976847],[114.60529363361911,30.452326070052354],[114.60535512889521,30.451663416867135],[114.60553961472351,30.451681087677226],[114.60568310370104,30.451654581460904],[114.60585734031662,30.4516104044177],[114.60517064306691,30.450311590398094],[114.6053141320445,30.450240906145318],[114.60544737180936,30.450258577213315],[114.60561135921228,30.450240906145318],[114.60580609425324,30.450223235074116],[114.60504765251471,30.45023207061011],[114.6050681509401,30.450073030839494],[114.6050681509401,30.44994049749906],[114.60509889857815,30.449772621675802],[114.60508864936548,30.449622416746728],[114.60287481942618,30.450311590398094],[114.60287481942618,30.45018789292209],[114.6028953178515,30.450037688632996],[114.6028953178515,30.44986097740829],[114.60294656391494,30.449595909970476]                    ]}
                            ,
                    
                            {
                                "color":3,
                                "point":[
                                    [114.60531112571357,30.452543596293285],[114.60538287020233,30.452764479194023],[114.60538287020233,30.452976526307758],[114.60543411626571,30.453206243493593],[114.60329203081517,30.45274680858039],[114.60325103396445,30.452941185154174],[114.60330228002783,30.453091384968356],[114.60329203081517,30.45332110188346],[114.60331252924055,30.45341828964606],[114.60628480091833,30.451580540996094],[114.60650003438462,30.45157170558236],[114.60681775997779,30.451509857663645],[114.60702274423147,30.451518693083003],[114.60731997139919,30.451501022243473],[114.6061413119408,30.450211042304108],[114.6064795359593,30.450166864606548],[114.60663327414954,30.450149193521884],[114.60699199659337,30.45012268688894],[114.60723797769776,30.450087344700478],[114.60510614145988,30.44907125130072],[114.60512663988527,30.44884152436824],[114.60512501758245,30.44836761426487],[114.60515064061417,30.448252750037106],[114.60516088982683,30.448014185439185],[114.60516088982683,30.447780038136443],[114.6030784657334,30.44912695852406],[114.60316903026126,30.44881466274491],[114.60327253257879,30.448613900644208],[114.60338587335184,30.44825966111801],[114.60345056230028,30.44793620902152],[114.6023508501766,30.450289577354983],[114.60182040079934,30.450256117539926],[114.6013675781602,30.450144584740116],[114.60103119562825,30.450044205111134],[114.60188508974778,30.451839869523],[114.60154870721584,30.451828716429983],[114.60112176015605,30.45187332879431],[114.60065599972722,30.451895634968814],[114.60319180650652,30.452564817829817],[114.60335999777249,30.452877101592428],[114.60330824661372,30.453133619648803],[114.60334705998275,30.453300913669633]                    ]}
                            ,
                                    {
                                        "color":3,
                                        "point":[
                                            [114.60353449432648,30.45338333245222],[114.60381912569972,30.453349873699338],[114.60414257044198,30.453316414934957],[114.60446601518424,30.453316414934957],[114.60491883782339,30.453249497371743],[114.60533284709345,30.453204885637398],[114.60577273194292,30.45316027388264],[114.60627730574083,30.453115662107432],[114.6067171905903,30.45302643849579],[114.60720882659854,30.452981826659336],[114.60755814692016,30.452981826659336],[114.60754520913048,30.45273646119378],[114.60745464460263,30.452435330005347],[114.60746758239236,30.452007873793875],[114.60742876902327,30.451717893461076],[114.60744170681295,30.45141675912529],[114.60740289344392,30.451126777033643],[114.60738995565418,30.450714108723307],[114.60736408007477,30.45043527779474],[114.60737701786451,30.450167599352795],[114.60731232891607,30.449933380113006],[114.60731232891607,30.44964339360774],[114.60723470217795,30.44939801973707],[114.60723470217795,30.449119185043287],[114.60723470217795,30.448902712735762],[114.60718295101913,30.448534648901084],[114.60713119986036,30.44817773718859],[114.60710532428106,30.44784313127117],[114.60702769754289,30.447586599289895],[114.60673012838004,30.447586599289895],[114.60643255921713,30.44763121359601],[114.60614792784395,30.447642367169344],[114.60570804299448,30.447742749271935],[114.60533284709345,30.447753902832517],[114.6051517180378,30.447798517062047],[114.60490590003371,30.447798517062047],[114.60472477097801,30.44780967061624]                 ]}
                                            ,
                    
                                            {
                                                "color":2,