{
    "list":[{
        "color":3,
        "point":[
            [114.606080729167,30.482686903212],
            [114.606083713108,30.482060275608],
            [114.606088053386,30.481434190539],
            [114.606102430556,30.480808105469],
            [114.606156412761,30.480184461806],
            [114.606194118924,30.479559190539],
            [114.606255425348,30.478935818143],
            [114.606264105903,30.478309733073],
            [114.606271430122,30.477683105469],
            [114.606281467014,30.477056749132]
        ]
    },
    {
        "color":1,
        "point":[

            [114.606281467014,30.477056749132],
            [114.606298828125,30.47643093533],
            [114.606309950087,30.475804578994],
            [114.606343044705,30.475179307726],
            [114.606357693143,30.474554307726],
            [114.606342502171,30.473928222657],
            [114.606350640191,30.47330186632],
            [114.60638671875,30.47267686632],
            [114.606434733073,30.472052137587],
            [114.606493326823,30.471428765191],
            [114.606571180556,30.470807291667]
        ]
    },
    {
        "color":1,
        "point":[
            [114.606571180556,30.470807291667],
            [114.6066796875,30.470190429688],
            [114.606814778646,30.469579264323],
            [114.606976725261,30.468974066841],
            [114.607149793837,30.468372395834],
            [114.607342393664,30.467776421441],
            [114.607548828125,30.467185329862],
            [114.607769911025,30.466599121094],
            [114.6079945204,30.466014539931],
            [114.608232150608,30.465435384115],
            [114.608485785591,30.464862738716],
            [114.608753255209,30.464296603733],
            [114.608997124566,30.463723687066]

        ]
    },
    {
        "color":3,
        "point":[
            [114.608997124566,30.463723687066],
            [114.609118923612,30.463113335504],
            [114.609343804254,30.462528754341],
            [114.609578179254,30.461947970921],
            [114.609804144966,30.461363932292],
            [114.610016004775,30.460774739584],
            [114.610214572483,30.460180664063],
            [114.609812282987,30.452354871962],
            [114.609832356771,30.452073567709],
            [114.60984998915,30.451791992188],
            [114.609865722657,30.4515101454],
            [114.609881727431,30.451228298612]
            ]},
    {
        "color":3,
        "point":[
            [114.609881727431,30.451228298612],[114.60990234375,30.450946994358],[114.609930013021,30.450666232639],[114.609938693577,30.450384114584],[114.609943847657,30.450101725261],[114.609940049914,30.449819607205],[114.609932725695,30.449537760417] ]
    },
    {
        "color":4,
        "point":[
            [114.609932725695,30.449537760417],[114.609920518664,30.449255371094],[114.60989827474,30.448974338108],[114.609865722657,30.448694118924],[114.609825032553,30.44841498481],[114.609777832032,30.44813639323]

        ]
    },
    {
        "color":5,
        "point":[
            [114.609777832032,30.44813639323],
            [114.609718695747,30.447860785591],
            [114.609650065105,30.447587348091],
            [114.609558376737,30.44732014974],
            [114.609475368924,30.447050509983],
            [114.609435763889,30.446771375869],
            [114.609363064237,30.446499023438],
            [114.609285481771,30.44622748481],
            [114.609212239584,30.445955132379],
            [114.609126790365,30.445686306424],
            [114.609028862848,30.445421820747],
            [114.608880750869,30.445182834202],
            [114.608662923178,30.445021701389],
            [114.608381890191,30.445050998264],
            [114.608109266494,30.445119628907],
            [114.607839355469,30.44520155165]

        ]
    },
    {
        "color":3,
        "point":[
            [114.607839355469,30.44520155165],
            [114.607564561632,30.445264756945],
            [114.607288953994,30.445325249566],
            [114.60700764974,30.445342610678],
            [114.606726616754,30.44534233941],
            [114.606450195313,30.445286187066],
            [114.606177842882,30.445214029948],
            [114.605907389323,30.445134006077],
            [114.60563015408,30.445081651476],
            [114.605349663629,30.445073784723],
            [114.605072970921,30.445110677084],
            [114.604808756511,30.445208875869]]
    },
    {
        "color":2,
        "point":[
            [114.604808756511,30.445208875869],
            [114.604549424914,30.445319824219],
            [114.604292534723,30.445436469185],
            [114.604021538629,30.445514865452]
        ]
    },
    {
        "color":1,
        "point":[

        [114.604021538629,30.445514865452],
        [114.603748372396,30.445583767362],
        [114.603468967014,30.445622558594],
        [114.603188205296,30.445643446181],
        [114.602906358507,30.445642903646]]
    }


        

    ]
}