{
    "list":[{
        "color":1,
        "point":[
            [114.60704155816 ,30.453071831598],
            [114.606532660591,30.453130967882],
            [114.606022406685 ,30.453174099393 ],
            [114.605520019532, 30.453272298178 ],
            [114.605011121962, 30.453330891928 ],
            [114.604499511719, 30.453354492188] ,
            [114.603988986546 ,30.453392740886 ],
            [114.603480088976 ,30.453453504775] ,
            [114.602970106337, 30.453502875435 ],
            [114.602460666233 ,30.453555501303] ,
            [114.601950412327, 30.453602701823],
            [114.601440158421 ,30.453644748264 ],
            [114.600930175782 ,30.453694932726] ,
            [114.600419379341 ,30.45373155382 ],
            [114.599979383681 ,30.453639865452] ,
            [114.599878200955, 30.453138563369]
        ]
    },
    {
        "color":2,
        "point":[
            [114.599878200955 ,30.453138563369],
            [114.599825846355 ,30.452628851997 ],
            [114.599790581598 ,30.452117784289 ],
            [114.599826388889, 30.451608344185 ],
            [114.59987982856 ,30.45109890408] ,
            [114.599948730469 ,30.45059109158 ],
            [114.600048828125, 30.45008843316 ],
            [114.600183376737 ,30.449593912761],
            [114.60036702474, 30.44911702474 ],
            [114.600538465712, 30.448634711372] ,
            [114.600732421875 ,30.448160807292] ,
            [114.600927191841 ,30.447686631945 ],
            [114.601669921875 ,30.447380371094] 
        ]
    },
    {
        "color":3,
        "point":[
            [114.601669921875 ,30.447380371094] ,
                [114.60215983073 ,30.447530381945 ],
                [114.602657606337 ,30.447651095921 ],
                [114.603160807292, 30.44774468316 ],
               [ 114.60366889106, 30.447811143664 ],
               [ 114.604179416233 ,30.4478515625 ],
                [114.604691297744, 30.447861599393 ],
                [114.605203721789, 30.447852376303] ,
                [114.605715060764, 30.44782280816 ],
                [114.606225314671, 30.447777506511 ],
                [114.606733940973, 30.447716200087 ],
                [114.607120225695, 30.447831488716 ]
        ]
    },
    {
        "color":4,
        "point":[
            [114.607120225695 ,30.447831488716] ,
            [114.607216525608 ,30.448334689671] ,
            [114.607294108073 ,30.448841145834] ,
            [114.607342122396 ,30.44935139974 ],
            [114.607380099827 ,30.449862467448] ,
            [114.607347005209 ,30.450372992622] ,
            [114.607353786893 ,30.450885687935 ],
            [114.607383626303 ,30.45139702691] ,
            [114.607428927952 ,30.451907552084] ,
            [114.607471516928 ,30.452418077257] ,
            [114.60704155816 ,30.453071831598]
        ]
    }
        

    ]
}