{
    "list":[
        {
        "color":1,
        "point":[
            [120.0982899287294,36.77282368637756],[120.0982899287294,36.772492057856155],[120.09826405315005,36.77213970098035],[120.09826405315005,36.77182879650977],[120.09821230199128,36.77139352813285],[120.09826405315005,36.770978984524035],[120.0982899287294,36.770585166019586],[120.09826405315005,36.770294982669256],[120.09834167988816,36.769901160651436],[120.09821230199128,36.76950733661076],[120.09821230199128,36.7689684162245],[120.09818642641187,36.76847094789054],[120.09818642641187,36.7680563884801],[120.09810879967375,36.767621098686895],[120.09810879967375,36.767247991183105],[120.09795354619746,36.76672978330499],[120.0979017950387,36.76627375747535],[120.0979017950387,36.7658799148037],[120.09782416830058,36.76548607010926],[120.09779829272117,36.76484347705485],[120.09779829272117,36.76424233674213],[120.09777241714181,36.76384848363739],[120.09777241714181,36.763579004031854],[120.09730665671293,36.7635997332659],[120.0968408962841,36.76364119171717],[120.09616813122022,36.7637241085525]

        ]
    },
    {
        "color":2,
        "point":[

            [120.09616813122022,36.7637241085525],[120.0955471173151,36.76376556693655],[120.09487435225122,36.76376556693655],[120.09438271624299,36.76376556693655],[120.09373582675846,36.76378629612016],[120.09301131053581,36.7640350458865],[120.09264905242446,36.7640350458865], [120.09264905242446,36.7640350458865], [120.09202803851935,36.764055774997296],[120.09135527345546,36.76420087861581],[120.09083776186787,36.764283794846],[120.0903978770184,36.764387440007674], [120.09008737006582,36.764325252927456],[120.08951810731946,36.76438744000765],[120.08894884457311,36.76438744000765],[120.08796557255664,36.76442889803311],[120.08718930517523,36.76449108502923],[120.08641303779382,36.76465691677241],[120.08542976577735,36.764781290344466],[120.08444649376088,36.7648642059471],[120.08387723101453,36.7649056637148],[120.08367022637952,36.76503003688341],[120.08351497290323,36.76503003688341]

    ]},
    {
        "color":3,
        "point":[

            [120.08351497290323,36.76503003688341],[120.08323034153,36.765092223392095],[120.082479949728,36.76517513865853],[120.08175543350535,36.76519586746114],[120.08116029517959,36.76527878261551],[120.07953013367865,36.76548607010926],[120.07885736861476,36.76554825624811],[120.07795172333641,36.76561044233656],[120.07720133153441,36.76565189970081],[120.0768131978437,36.76569335704268],[120.07650269089112,36.76550679882783],[120.07645093973235,36.76503003688341],[120.07650269089112,36.76449108502923],[120.07637331299418,36.763972858520546],[120.07639918857359,36.76366192093442],[120.07676144668494,36.7635997332659],[120.07707195363747,36.7635997332659],[120.07751183848694,36.76353754554695]

    ]},
    {        "color":4,
    "point":[ [120.07751183848694,36.76353754554695],[120.07764121638382,36.763288794166925],[120.07898674651165,36.76314368882264],[120.07973713831365,36.76314368882264],[120.08035815221882,36.76312295946532],[120.08100504170329,36.763040041980055],[120.08126379749712,36.763040041980055],[120.08170368234659,36.76299858320381],[120.08253170088676,36.76287420674058],[120.08297158573623,36.7628120184333],[120.08338559500635,36.76268764166751],[120.08387723101453,36.762521805666026],[120.0844982449197,36.762480346609614] ]
    },
    {
        "color":5,
        "point":[
            [120.0844982449197,36.762480346609614],[120.08473412785929,36.76249926044559],[120.08447537206553,36.761939561128585],[120.08463062554182,36.76135912789296],[120.08463062554182,36.76094453003526],[120.08470825227994,36.76036408926931],[120.08463062554182,36.760156787931216],[120.08504463481188,36.760156787931216],[120.08553627082011,36.760073867239086],[120.08595028009017,36.76005313705205],[120.08644191609847,36.759990946457314],[120.08701117884482,36.759928755812155],[120.0875286904324,36.75986656511659],[120.08799445086123,36.759783644110705],[120.08851196244882,36.75974218357414],[120.0889777228777,36.75965926243381],[120.08892597171894,36.7593068465872],[120.08879659382205,36.758954429121395]
         ]},
         {
             "color":4,
             "point":[
                [120.08879659382205,36.758954429121395],[120.08902947403647,36.758436165200834],[120.0889777228777,36.75802155154311],[120.08895184729835,36.75762766649247],[120.08890009613958,36.75729597224948],[120.08846021129011,36.75725451036825],[120.08802032644064,36.757337434108294],[120.08760631717053,36.757337434108294],[120.08711468116235,36.75737889594469],[120.08662304515411,36.7574203577587],[120.0858467777727,36.757544743066184],[120.08504463481188,36.75764839733503],[120.08434599416864,36.75777278227277]
              ]},
              {
                  "color":3,
                  "point":[[120.08434599416864,36.75777278227277],[120.08428118125948,36.75773373021207],[120.08398804955107,36.75775982456577],[120.08364606255793,36.75781201324653],[120.08338550103929,36.75783810757359],[120.08302722895115,36.75783810757359],[120.0826201015783,36.75789029620107],[120.08211526363601,36.757942484793055],[120.08159414059878,36.75795553193549],[120.08126843870053,36.7580077204831],[120.08112187284632,36.7580338147436],[120.08112187284632,36.757942484793055],[120.0811544430361,36.75770763584951],[120.08112187284632,36.75742059727538],[120.08108930265644,36.75704222660471],[120.08108930265644,36.75658556986157],[120.08112187284632,36.756285479664406],[120.08112187284632,36.75601148324176],[120.08105673246666,36.7557896758971],[120.08107301756155,36.75560701054347] ]},
                   {
                       "color":2,
                       "point":[
                        [120.08107301756155,36.75560701054347],[120.08108503799593,36.7553260386462],[120.08107211865376,36.75517077418585],[120.0810979573381,36.75493270140298],[120.08108503799593,36.75460146847601],[120.08108503799593,36.75431163849172],[120.08104627996948,36.754021807412485],[120.08104627996948,36.753825135699394],[120.0810204412852,36.75350424919039],[120.0810204412852,36.75322476629865],[120.0810204412852,36.753017741278015],[120.08103336062737,36.752862472145914]
                             ]},{
                                "color":1,
                                "point":[
                                    [120.08103336062737,36.752862472145914],[120.08105398911215,36.7526214826388],[120.08102815042787,36.75244551002314],[120.08101523108576,36.752228131528874],[120.08098939240148,36.752021103818855],[120.08098939240148,36.75177266982946],[120.08097647305931,36.751555289428815],[120.08097647305931,36.75130685393105],[120.08097647305931,36.75117228436724]
                                      ]},








                                      {
                                        "color":1,